L,Î²,e,c
4,0.001,-1.00108125,4.950749828122847e-7
4,0.005995,-1.003615625,1.798742875402721e-5
4,0.01099,-1.0051953125,5.999630372141124e-5
4,0.015985,-1.008659375,0.00012711338108945593
4,0.02098,-1.01136875,0.0002180750349621467
4,0.025975,-1.01331875,0.00033750584938410113
4,0.03097,-1.01574375,0.0004804964155999668
4,0.035965,-1.0192078125,0.0006407825488142859
4,0.04096,-1.020603125,0.0008289443848253543
4,0.045955,-1.0234,0.0010559606634134681
4,0.05095,-1.0256421875,0.0012938828398040057
4,0.055945,-1.0274453125,0.0015712046011434166
4,0.06094,-1.0303609375,0.0018824137672216208
4,0.065935,-1.0324359375,0.0021967849826594714
4,0.07093,-1.0355453125,0.0025462229189022537
4,0.075925,-1.0380546875,0.0029075669571836877
4,0.08092,-1.0406671875,0.003303887594084323
4,0.085915,-1.0428171875,0.003723505324274081
4,0.09091,-1.045759375,0.004168139789471788
4,0.095905,-1.0483890625,0.004696914208858041
4,0.1009,-1.0503625,0.0051595630632727645
4,0.105895,-1.0538125,0.0057075054677755985
4,0.11089,-1.0570796875,0.006223059322570741
4,0.115885,-1.0586234375,0.006858238806203004
4,0.12088,-1.060084375,0.007551111776209189
4,0.125875,-1.0630015625,0.00822829409938974
4,0.13087,-1.0656734375,0.008943832132934891
4,0.135865,-1.0680953125,0.0096168207433708
4,0.14086,-1.0709203125,0.010331307763156352
4,0.145855,-1.074028125,0.011250298968574723
4,0.15085,-1.0763109375,0.011964923632022832
4,0.155845,-1.079225,0.012849534456131892
4,0.16084,-1.081384375,0.013671728247552237
4,0.165835,-1.0849234375,0.014637516403446812
4,0.17083,-1.087453125,0.015566164097294655
4,0.175825,-1.0898359375,0.016584066402204733
4,0.18082,-1.0932296875,0.01745257125846189
4,0.185815,-1.0965703125,0.018776433182937674
4,0.19081,-1.0990296875,0.01966715852417506
4,0.195805,-1.1014546875,0.02089013810738365
4,0.2008,-1.1034515625,0.02202965914037224
4,0.205795,-1.10698125,0.023082650121525727
4,0.21079,-1.1089765625,0.024305455910263923
4,0.215785,-1.111996875,0.025701487133788174
4,0.22078,-1.114959375,0.02715640340204463
4,0.225775,-1.11759375,0.028345144554576367
4,0.23077,-1.1204421875,0.029651747130634447
4,0.235765,-1.122809375,0.031425349996621416
4,0.24076,-1.1254109375,0.032991793866409456
4,0.245755,-1.1284359375,0.03431840062033406
4,0.25075,-1.1315609375,0.035924127585358456
4,0.255745,-1.1345046875,0.03775180664418841
4,0.26074,-1.1380625,0.03958079504841339
4,0.265735,-1.1405859375,0.04122587911303889
4,0.27073,-1.1433703125,0.04338212843752415
4,0.275725,-1.14635625,0.045560687770364816
4,0.28072,-1.149803125,0.047576419230309905
4,0.285715,-1.1534890625,0.04930787089074963
4,0.29071,-1.1579390625,0.05162918367738302
4,0.295705,-1.1590859375,0.05403739173186228
4,0.3007,-1.1625046875,0.05575826605381224
4,0.305695,-1.165203125,0.05803825184963606
4,0.31069,-1.1676375,0.060253722177481754
4,0.315685,-1.1700765625,0.06247193256645841
4,0.32068,-1.1747421875,0.0660716655401675
4,0.325675,-1.177371875,0.06855439425121555
4,0.33067,-1.1800296875,0.07066913148112913
4,0.335665,-1.182178125,0.07395147017029159
4,0.34066,-1.1857875,0.07661556956381713
4,0.345655,-1.1894390625,0.07979275117107124
4,0.35065,-1.1933125,0.08241844185268242
4,0.355645,-1.197334375,0.08553972206187849
4,0.36064,-1.201,0.0897583461577334
4,0.365635,-1.2053078125,0.09304798725266548
4,0.37063,-1.2080328125,0.09597727769547616
4,0.375625,-1.212078125,0.09949866623770877
4,0.38062,-1.21523125,0.10377670934530457
4,0.385615,-1.2182703125,0.10731564878500904
4,0.39061,-1.2230109375,0.11255567778998117
4,0.395605,-1.22669375,0.11616941881110306
4,0.4006,-1.2295515625,0.12045512028773155
4,0.405595,-1.233215625,0.12490559183588114
4,0.41059,-1.238509375,0.13023076632369895
4,0.415585,-1.242528125,0.1352236086460928
4,0.42058,-1.2476046875,0.14010642217795755
4,0.425575,-1.25131875,0.14496614241156
4,0.43057,-1.2539265625,0.15093645884750972
4,0.435565,-1.2577125,0.15613860831747173
4,0.44056,-1.26165625,0.16024670607599384
4,0.445555,-1.2665421875,0.16807095079054044
4,0.45055,-1.26899375,0.1716745727957443
4,0.455545,-1.272846875,0.17788649488491426
4,0.46054,-1.2770265625,0.18367915437746404
4,0.465535,-1.2802125,0.1889768793369656
4,0.47053,-1.2858078125,0.19676076931808179
4,0.475525,-1.2908125,0.20509551446588123
4,0.48052,-1.2960078125,0.21133150564373585
4,0.485515,-1.301053125,0.22113556625570086
4,0.49051,-1.3048703125,0.2270179822605374
4,0.495505,-1.3106,0.2364771173756735
4,0.5005,-1.3145609375,0.2424170170593758
4,0.505495,-1.3194828125,0.25251822516888517
4,0.51049,-1.3248578125,0.25894854527920097
4,0.515485,-1.3318078125,0.26853760599517246
4,0.52048,-1.335925,0.276830931551196
4,0.525475,-1.3399109375,0.2846313230653431
4,0.53047,-1.3450328125,0.29430867970916563
4,0.535465,-1.3504953125,0.3049626335177307
4,0.54046,-1.3547703125,0.3136044654568753
4,0.545455,-1.3602640625,0.3218486532019366
4,0.55045,-1.3657921875,0.33258391257850617
4,0.555445,-1.3716671875,0.3423565328152695
4,0.56044,-1.3756078125,0.3499776916218067
4,0.565435,-1.38328125,0.36509397888046274
4,0.57043,-1.3878328125,0.37216160006225113
4,0.575425,-1.39343125,0.3840686913248683
4,0.58042,-1.39999375,0.3944238270827735
4,0.585415,-1.4049140625,0.405983797150532
4,0.59041,-1.412325,0.4179737893566074
4,0.595405,-1.417471875,0.4338537063781921
4,0.6004,-1.423140625,0.44299994266530746
4,0.605395,-1.429775,0.4536797779103301
4,0.61039,-1.4359078125,0.4657153067212743
4,0.615385,-1.4381,0.4738694231522302
4,0.62038,-1.4455578125,0.48823172047487917
4,0.625375,-1.4505328125,0.5032663327514855
4,0.63037,-1.45933125,0.515479729358415
4,0.635365,-1.4679953125,0.5276561948644075
4,0.64036,-1.476565625,0.5397856465339509
4,0.645355,-1.4823296875,0.5496113837951803
4,0.65035,-1.4883328125,0.561747001993661
4,0.655345,-1.4926234375,0.5736038617934467
4,0.66034,-1.4995140625,0.5852201041494135
4,0.665335,-1.5069875,0.5982270984131739
4,0.67033,-1.51483125,0.6147553885707113
4,0.675325,-1.52305625,0.6284870168977873
4,0.68032,-1.529890625,0.6396312525705596
4,0.685315,-1.5391125,0.650426065150564
4,0.69031,-1.54545625,0.6604054736463097
4,0.695305,-1.5508,0.667366119530864
4,0.7003,-1.55970625,0.6826672269131095
4,0.705295,-1.5659734375,0.6913214597398868
4,0.71029,-1.5745625,0.7025305755759725
4,0.715285,-1.5811453125,0.7147246153052357
4,0.72028,-1.5878953125,0.7207467361075396
4,0.725275,-1.59329375,0.729119123753025
4,0.73027,-1.601028125,0.7373581907441699
4,0.735265,-1.6049765625,0.7528527697107164
4,0.74026,-1.6085375,0.7651683850962067
4,0.745255,-1.61543125,0.7701536734681068
4,0.75025,-1.6215671875,0.7794838175937143
4,0.755245,-1.6292734375,0.788209300963868
4,0.76024,-1.6359984375,0.79218236389275
4,0.765235,-1.64273125,0.7954942144740306
4,0.77023,-1.649696875,0.8011537751504073
4,0.775225,-1.6545359375,0.8029945279576369
4,0.78022,-1.6592296875,0.8129792408716461
4,0.785215,-1.6672765625,0.8166396295814182
4,0.79021,-1.67229375,0.8246508116776285
4,0.795205,-1.681725,0.8195514464839405
4,0.8002,-1.6867671875,0.8284709318650424
4,0.805195,-1.6905765625,0.8337004856553286
4,0.81019,-1.69698125,0.8354488851398006
4,0.815185,-1.7038453125,0.8317029902057312
4,0.82018,-1.7108046875,0.8261668600118646
4,0.825175,-1.718703125,0.825382060377537
4,0.83017,-1.724625,0.8245420673828563
4,0.835165,-1.73139375,0.8197815731953578
4,0.84016,-1.7373,0.8242008205814411
4,0.845155,-1.7424234375,0.8193400126112249
4,0.85015,-1.7470265625,0.8177798224610665
4,0.855145,-1.7523765625,0.8107269598618602
4,0.86014,-1.757796875,0.8097398858819558
4,0.865135,-1.7616265625,0.8130487631510912
4,0.87013,-1.76786875,0.8086238029813126
4,0.875125,-1.774084375,0.8053716284719092
4,0.88012,-1.778190625,0.7970778298007882
4,0.885115,-1.782803125,0.7939527099042221
4,0.89011,-1.7886703125,0.7838938741933342
4,0.895105,-1.7943453125,0.7741078017818243
4,0.9001,-1.801796875,0.757663152990693
4,0.905095,-1.803584375,0.763964523695609
4,0.91009,-1.809446875,0.7550916706875871
4,0.915085,-1.8144453125,0.7491264116362941
4,0.92008,-1.8176171875,0.7473039926606408
4,0.925075,-1.82276875,0.7349500919574886
4,0.93007,-1.82661875,0.7296712458774964
4,0.935065,-1.833959375,0.7051261816863965
4,0.94006,-1.8349109375,0.7067042403096027
4,0.945055,-1.840671875,0.6927710782231996
4,0.95005,-1.8441703125,0.6919678642462613
4,0.955045,-1.847371875,0.6839031723251688
4,0.96004,-1.8513625,0.6738154999503035
4,0.965035,-1.8538296875,0.6722570056134486
4,0.97003,-1.858709375,0.6546187815004826
4,0.975025,-1.8601703125,0.6560592776085729
4,0.98002,-1.8642609375,0.6479999911556121
4,0.985015,-1.8657453125,0.6452651691724113
4,0.99001,-1.8684578125,0.6416123985883315
4,0.995005,-1.8744234375,0.6169891335734672
4,1.0,-1.876246875,0.6195078686921087
8,0.001,-1.0008359375,5.009037261403265e-7
8,0.005995,-1.002851953125,1.809874376743621e-5
8,0.01099,-1.00553203125,5.976547432578704e-5
8,0.015985,-1.00796953125,0.00012738900065683984
8,0.02098,-1.01048203125,0.00021948776611470944
8,0.025975,-1.0130515625,0.0003396514278811017
8,0.03097,-1.01570859375,0.000478165761264197
8,0.035965,-1.01804921875,0.0006473838945733158
8,0.04096,-1.020743359375,0.0008428793767023525
8,0.045955,-1.02293984375,0.001048857360276397
8,0.05095,-1.02567578125,0.0012986135962110442
8,0.055945,-1.02823828125,0.0015768320558898542
8,0.06094,-1.03048984375,0.001872220888562634
8,0.065935,-1.033571875,0.0022040166221548945
8,0.07093,-1.035790234375,0.002548605525172891
8,0.075925,-1.038572265625,0.0028980692608525814
8,0.08092,-1.0404546875,0.003294563981563507
8,0.085915,-1.042775,0.0037475017370337126
8,0.09091,-1.046061328125,0.004169051839305959
8,0.095905,-1.048630859375,0.00467752237640316
8,0.1009,-1.05071875,0.005129010477787847
8,0.105895,-1.053041015625,0.005676344010686492
8,0.11089,-1.0564546875,0.006228341791779079
8,0.115885,-1.058553515625,0.00685600285132004
8,0.12088,-1.060755078125,0.007429683377650233
8,0.125875,-1.06371640625,0.008054991795799419
8,0.13087,-1.06611953125,0.00873026452103171
8,0.135865,-1.068383984375,0.009544338298726952
8,0.14086,-1.07116796875,0.010152593941546348
8,0.145855,-1.073748828125,0.010980832919881734
8,0.15085,-1.0763109375,0.01171824872735473
8,0.155845,-1.0795796875,0.012551274961391195
8,0.16084,-1.081396875,0.0134839416368828
8,0.165835,-1.084254296875,0.014249872165164195
8,0.17083,-1.0874859375,0.015184858185148916
8,0.175825,-1.0889015625,0.016234584767501666
8,0.18082,-1.09205546875,0.01706533276125414
8,0.185815,-1.094641015625,0.018075491335900862
8,0.19081,-1.09719140625,0.019199095824403285
8,0.195805,-1.1000421875,0.02009057952620449
8,0.2008,-1.102105859375,0.02113802313055239
8,0.205795,-1.10535625,0.022426202797154
8,0.21079,-1.1073890625,0.023598456497038484
8,0.215785,-1.11040390625,0.024913907158864962
8,0.22078,-1.112775390625,0.025677903756077466
8,0.225775,-1.115446484375,0.02748834936843437
8,0.23077,-1.11816875,0.02815995221433923
8,0.235765,-1.1206796875,0.030078055228302574
8,0.24076,-1.123622265625,0.03125421293943058
8,0.245755,-1.125967578125,0.032568800084478156
8,0.25075,-1.128210546875,0.03420309290339904
8,0.255745,-1.131228125,0.035305329404273264
8,0.26074,-1.133768359375,0.037021387318011294
8,0.265735,-1.13714765625,0.038756552253647346
8,0.27073,-1.139783984375,0.039953118034799895
8,0.275725,-1.142330859375,0.04196043762139216
8,0.28072,-1.1447140625,0.043480141878992684
8,0.285715,-1.14713359375,0.044918753035625425
8,0.29071,-1.151569921875,0.04740306162578713
8,0.295705,-1.1538734375,0.049076941963854294
8,0.3007,-1.15626484375,0.050579309996023496
8,0.305695,-1.15946640625,0.05247634662003627
8,0.31069,-1.162059765625,0.054210951717099796
8,0.315685,-1.164160546875,0.05603525068345012
8,0.32068,-1.167453125,0.05822276253439616
8,0.325675,-1.17103125,0.06063697490066221
8,0.33067,-1.17392265625,0.06303516079680296
8,0.335665,-1.176030078125,0.0650045526831696
8,0.34066,-1.17901328125,0.06712587124889478
8,0.345655,-1.1813125,0.06967034092025098
8,0.35065,-1.1849734375,0.07150495332918988
8,0.355645,-1.187849609375,0.07386967824175186
8,0.36064,-1.190424609375,0.07649384626957155
8,0.365635,-1.19288828125,0.07941469260904784
8,0.37063,-1.19629296875,0.08218255229036388
8,0.375625,-1.199555078125,0.08443531472478019
8,0.38062,-1.2020625,0.08728435543379374
8,0.385615,-1.206066796875,0.08934908100240485
8,0.39061,-1.208815234375,0.09280246164842686
8,0.395605,-1.211335546875,0.09581711534750353
8,0.4006,-1.21419921875,0.09760606067382777
8,0.405595,-1.21771171875,0.1022561508094558
8,0.41059,-1.220075390625,0.10448490034953793
8,0.415585,-1.223733203125,0.10846011744651443
8,0.42058,-1.2264484375,0.11109711698412336
8,0.425575,-1.22925,0.11497439878376078
8,0.43057,-1.232641796875,0.1168110928252764
8,0.435565,-1.235318359375,0.11913732419354899
8,0.44056,-1.239033203125,0.12441621598753917
8,0.445555,-1.24279765625,0.12769484415038068
8,0.45055,-1.24666875,0.13144283244659763
8,0.455545,-1.249511328125,0.13697731712522204
8,0.46054,-1.252218359375,0.1389541410043629
8,0.465535,-1.2551578125,0.14375450792896696
8,0.47053,-1.259105078125,0.14780948533745605
8,0.475525,-1.26141796875,0.15018075128159586
8,0.48052,-1.265348046875,0.15624363635295968
8,0.485515,-1.268840625,0.1586906267153718
8,0.49051,-1.27312109375,0.16654333790745696
8,0.495505,-1.276113671875,0.16820601082865064
8,0.5005,-1.27993671875,0.17391680873327547
8,0.505495,-1.282721875,0.18034525482077723
8,0.51049,-1.286903515625,0.1837348232953641
8,0.515485,-1.290275,0.1908815431894725
8,0.52048,-1.293320703125,0.19516158547315138
8,0.525475,-1.29686796875,0.19931740507425313
8,0.53047,-1.30041171875,0.2069120562673821
8,0.535465,-1.304305078125,0.21147087994050945
8,0.54046,-1.308921484375,0.22005995647417284
8,0.545455,-1.3112625,0.2236946701597257
8,0.55045,-1.31467734375,0.23023890311831458
8,0.555445,-1.32014375,0.2399093364006416
8,0.56044,-1.322495703125,0.24158667376451834
8,0.565435,-1.3266390625,0.24810506932637275
8,0.57043,-1.331335546875,0.2593479202358346
8,0.575425,-1.334208203125,0.26645808856189224
8,0.58042,-1.3386109375,0.2734318708063572
8,0.585415,-1.343755859375,0.28319156699936865
8,0.59041,-1.34766796875,0.29216017870548244
8,0.595405,-1.3510484375,0.2989502669744681
8,0.6004,-1.35524609375,0.31071284075740824
8,0.605395,-1.35974765625,0.3221684530984984
8,0.61039,-1.36566171875,0.33647763259267266
8,0.615385,-1.369001171875,0.3461121649203298
8,0.62038,-1.373087890625,0.3541340182484372
8,0.625375,-1.3791796875,0.36808532791447324
8,0.63037,-1.38247578125,0.37322966611140074
8,0.635365,-1.387741796875,0.38984798394309955
8,0.64036,-1.392782421875,0.4008602986224038
8,0.645355,-1.397760546875,0.4147022498601842
8,0.65035,-1.40090546875,0.42120513568491236
8,0.655345,-1.40844140625,0.4531887268763902
8,0.66034,-1.41609609375,0.4612747354828177
8,0.665335,-1.41913984375,0.48261912817671343
8,0.67033,-1.423191015625,0.49032990396479426
8,0.675325,-1.42906640625,0.5089555956027776
8,0.68032,-1.43566875,0.5267989583694505
8,0.685315,-1.441719140625,0.5517539255719557
8,0.69031,-1.44639296875,0.5612605910113772
8,0.695305,-1.45261640625,0.5964705725192606
8,0.7003,-1.459462109375,0.6047998135843058
8,0.705295,-1.464162890625,0.6322124298832835
8,0.71029,-1.47239921875,0.6557660781461805
8,0.715285,-1.480893359375,0.6829785348417108
8,0.72028,-1.4849734375,0.7028010507165927
8,0.725275,-1.495330859375,0.7367380722947895
8,0.73027,-1.496739453125,0.7509377588368327
8,0.735265,-1.501850390625,0.7701880145150866
8,0.74026,-1.512762890625,0.8063154148653804
8,0.745255,-1.522392578125,0.8468600670379892
8,0.75025,-1.527200390625,0.8556439233141483
8,0.755245,-1.533505078125,0.8637556852879427
8,0.76024,-1.545028125,0.9071897554343105
8,0.765235,-1.5505953125,0.9219029344145537
8,0.77023,-1.559894140625,0.9578370572130411
8,0.775225,-1.568201953125,0.9868045523275232
8,0.78022,-1.577044140625,1.0055747571234246
8,0.785215,-1.5819546875,1.0442535812693976
8,0.79021,-1.594546484375,1.0536916759316055
8,0.795205,-1.60234609375,1.0606154122253966
8,0.8002,-1.607700390625,1.0957084735639628
8,0.805195,-1.6214375,1.1310386255881728
8,0.81019,-1.624253515625,1.1446343700384995
8,0.815185,-1.63587734375,1.1686383413862247
8,0.82018,-1.647571484375,1.1426791380337105
8,0.825175,-1.65697265625,1.1615519404094035
8,0.83017,-1.666494921875,1.1646166589569722
8,0.835165,-1.671834375,1.1576800819302004
8,0.84016,-1.67983671875,1.1778038291925557
8,0.845155,-1.684225390625,1.2256427981551343
8,0.85015,-1.697226171875,1.164325180769038
8,0.855145,-1.70560390625,1.1922838429335585
8,0.86014,-1.71486640625,1.165539253110846
8,0.865135,-1.721955859375,1.1595259608849369
8,0.87013,-1.728796875,1.1601028223098349
8,0.875125,-1.739045703125,1.144491754152259
8,0.88012,-1.742534375,1.1499308602222948
8,0.885115,-1.751066015625,1.132214038355447
8,0.89011,-1.7616890625,1.0940064030207337
8,0.895105,-1.762404296875,1.1261490953616657
8,0.9001,-1.77302890625,1.0856353670869578
8,0.905095,-1.777347265625,1.0668108143840216
8,0.91009,-1.7875203125,1.0378463975260501
8,0.915085,-1.79078359375,1.0326315809858309
8,0.92008,-1.79645546875,1.0132566448701246
8,0.925075,-1.80391015625,0.9984236960802557
8,0.93007,-1.807726953125,0.9828384519257551
8,0.935065,-1.813730078125,0.9689554818578836
8,0.94006,-1.82443046875,0.9002065619869924
8,0.945055,-1.8266,0.9072262520747385
8,0.95005,-1.832959765625,0.8774328238280269
8,0.955045,-1.835769921875,0.8735682239765288
8,0.96004,-1.841977734375,0.8258699613889054
8,0.965035,-1.84253984375,0.8453608441389989
8,0.97003,-1.8483515625,0.8166379808423174
8,0.975025,-1.854933984375,0.7819480866938534
8,0.98002,-1.859857421875,0.7534026386430932
8,0.985015,-1.862105078125,0.7594727735497904
8,0.99001,-1.867401953125,0.7208455698998112
8,0.995005,-1.8690921875,0.7306632858624398
8,1.0,-1.87359140625,0.7085037465702695
16,0.001,-1.00037236328125,4.973220881838171e-7
16,0.005995,-1.00286337890625,1.8118144021544973e-5
16,0.01099,-1.0057126953125,6.1020539437883795e-5
16,0.015985,-1.00782646484375,0.00012753676628609453
16,0.02098,-1.01040908203125,0.000219694351042002
16,0.025975,-1.01276767578125,0.0003392729548009574
16,0.03097,-1.015203515625,0.0004742282591117328
16,0.035965,-1.01784970703125,0.0006474838241407915
16,0.04096,-1.02044931640625,0.0008371113814433721
16,0.045955,-1.022858203125,0.0010500029343528281
16,0.05095,-1.02533349609375,0.001302811135404737
16,0.055945,-1.02807119140625,0.0015709308892740558
16,0.06094,-1.03047275390625,0.0018857937918993013
16,0.065935,-1.03278466796875,0.002181892491788671
16,0.07093,-1.03545703125,0.0025430733741442792
16,0.075925,-1.0380623046875,0.002900023305540373
16,0.08092,-1.04048740234375,0.003320790883481852
16,0.085915,-1.04324345703125,0.003748233236875901
16,0.09091,-1.04560517578125,0.0041444714777922765
16,0.095905,-1.04791767578125,0.004656109041603636
16,0.1009,-1.050590625,0.0051421256947931935
16,0.105895,-1.053330859375,0.005659904195300372
16,0.11089,-1.055703515625,0.006273220803699751
16,0.115885,-1.05812958984375,0.006850665523880691
16,0.12088,-1.06091279296875,0.007515931361634713
16,0.125875,-1.06323251953125,0.0081016053877279
16,0.13087,-1.0656123046875,0.00878403690193669
16,0.135865,-1.0683724609375,0.00949898797351489
16,0.14086,-1.0710541015625,0.01006241822740348
16,0.145855,-1.07354541015625,0.010941098412549406
16,0.15085,-1.07590283203125,0.011681923391184068
16,0.155845,-1.0787146484375,0.012510078824300195
16,0.16084,-1.08098916015625,0.013370086552998843
16,0.165835,-1.0836638671875,0.014164277384317898
16,0.17083,-1.08653466796875,0.015150985373464014
16,0.175825,-1.08896943359375,0.016004371632292638
16,0.18082,-1.09151826171875,0.01709586845094873
16,0.185815,-1.0940310546875,0.017943265369430052
16,0.19081,-1.0966294921875,0.019003447722583697
16,0.195805,-1.09935048828125,0.020151676803305298
16,0.2008,-1.10193994140625,0.021160711777157795
16,0.205795,-1.10455615234375,0.02216243297357473
16,0.21079,-1.107430078125,0.023479756782819307
16,0.215785,-1.1099232421875,0.024609159570742344
16,0.22078,-1.112508984375,0.026122650350408522
16,0.225775,-1.11542265625,0.02712826661091528
16,0.23077,-1.1182251953125,0.028293653670645572
16,0.235765,-1.12090537109375,0.030132291223642985
16,0.24076,-1.1233275390625,0.030849602051404305
16,0.245755,-1.12584267578125,0.03246710586219704
16,0.25075,-1.1285921875,0.033923886485070935
16,0.255745,-1.1314419921875,0.035408173722772045
16,0.26074,-1.13381455078125,0.036889322654759006
16,0.265735,-1.13693447265625,0.03859180855669264
16,0.27073,-1.13927431640625,0.040023658847419284
16,0.275725,-1.14213291015625,0.04215225622211674
16,0.28072,-1.14496337890625,0.04315547563389204
16,0.285715,-1.14758642578125,0.044827340751726244
16,0.29071,-1.15087666015625,0.047243379019435976
16,0.295705,-1.15331865234375,0.04889483261313712
16,0.3007,-1.15630791015625,0.05070457001733106
16,0.305695,-1.15850498046875,0.05253873236665321
16,0.31069,-1.16153076171875,0.05429413272093067
16,0.315685,-1.16435625,0.05623055848397967
16,0.32068,-1.16722451171875,0.0586671130421036
16,0.325675,-1.17016357421875,0.06047844027731727
16,0.33067,-1.1733787109375,0.06224784540299691
16,0.335665,-1.1759205078125,0.06425523434550084
16,0.34066,-1.17864716796875,0.06730881821281712
16,0.345655,-1.18148818359375,0.06954923603800352
16,0.35065,-1.18448955078125,0.07162070462868819
16,0.355645,-1.187314453125,0.07383378137527098
16,0.36064,-1.19065947265625,0.07591130196396637
16,0.365635,-1.19343759765625,0.07871645159169326
16,0.37063,-1.19652197265625,0.08224739046156135
16,0.375625,-1.19951328125,0.08321616792582778
16,0.38062,-1.20255478515625,0.08640885455016671
16,0.385615,-1.20544794921875,0.0892300050988488
16,0.39061,-1.208203125,0.091826852211483
16,0.395605,-1.21144296875,0.09493656016153934
16,0.4006,-1.21441923828125,0.09767583037893293
16,0.405595,-1.21761884765625,0.10068030454790344
16,0.41059,-1.22025478515625,0.10332931586630198
16,0.415585,-1.22360263671875,0.10687132971592314
16,0.42058,-1.2266333984375,0.11064983725662174
16,0.425575,-1.22940654296875,0.11332298051589565
16,0.43057,-1.23285947265625,0.11634698995899631
16,0.435565,-1.23655361328125,0.12084077574701299
16,0.44056,-1.2396865234375,0.12263887251504342
16,0.445555,-1.242598046875,0.12773024740072675
16,0.45055,-1.24610654296875,0.13130359355935314
16,0.455545,-1.24865732421875,0.1351760066396783
16,0.46054,-1.25239248046875,0.13766634094186597
16,0.465535,-1.255256640625,0.14123351198276424
16,0.47053,-1.25831083984375,0.14500041230442762
16,0.475525,-1.2615474609375,0.14996359833313855
16,0.48052,-1.26524951171875,0.15472542331060846
16,0.485515,-1.26863935546875,0.15890957936624997
16,0.49051,-1.27200927734375,0.16403797257166988
16,0.495505,-1.2756708984375,0.16613584536190731
16,0.5005,-1.27868330078125,0.1718426799305364
16,0.505495,-1.2818115234375,0.1748995361003175
16,0.51049,-1.2853892578125,0.18118194036150578
16,0.515485,-1.2891505859375,0.18456840237342861
16,0.52048,-1.2926349609375,0.1900950443803077
16,0.525475,-1.29582236328125,0.1971710903492674
16,0.53047,-1.30008115234375,0.20343840841349978
16,0.535465,-1.3029607421875,0.20343424039612334
16,0.54046,-1.3068515625,0.21201018000271665
16,0.545455,-1.310605078125,0.21755097735846438
16,0.55045,-1.31397080078125,0.2207260990553339
16,0.555445,-1.31776484375,0.2301817045531121
16,0.56044,-1.32160927734375,0.23434003440939616
16,0.565435,-1.3252013671875,0.23852980626223216
16,0.57043,-1.32938896484375,0.24726667135139765
16,0.575425,-1.332618359375,0.2530679916650105
16,0.58042,-1.33734619140625,0.26298257345795245
16,0.585415,-1.34045859375,0.2668546717189003
16,0.59041,-1.34548017578125,0.27422104690776145
16,0.595405,-1.34840712890625,0.28038518862365824
16,0.6004,-1.351978515625,0.28668635470600123
16,0.605395,-1.3565060546875,0.2905931837309892
16,0.61039,-1.360330859375,0.2965974832244088
16,0.615385,-1.3646150390625,0.3039947300666629
16,0.62038,-1.36855810546875,0.316327061150579
16,0.625375,-1.3731693359375,0.3221735274991493
16,0.63037,-1.37714951171875,0.33566427083227185
16,0.635365,-1.3814658203125,0.34068478230078353
16,0.64036,-1.38532021484375,0.3526521913785123
16,0.645355,-1.3894640625,0.35914918873779217
16,0.65035,-1.3938017578125,0.3679090134241094
16,0.655345,-1.3994287109375,0.3819780074466061
16,0.66034,-1.40234541015625,0.384482079805038
16,0.665335,-1.407871484375,0.40218185806576157
16,0.67033,-1.411140234375,0.4132966124611426
16,0.675325,-1.41640087890625,0.41648681312246927
16,0.68032,-1.42083193359375,0.4337141866459195
16,0.685315,-1.4267017578125,0.45192187889185126
16,0.69031,-1.43083408203125,0.46089924815159006
16,0.695305,-1.4347546875,0.4697030026307771
16,0.7003,-1.4400095703125,0.48298679556007423
16,0.705295,-1.44535205078125,0.5014595704021534
16,0.71029,-1.450321875,0.5104282472058873
16,0.715285,-1.45471767578125,0.5252578389713485
16,0.72028,-1.4605744140625,0.5570773749424075
16,0.725275,-1.46647841796875,0.5812674534223937
16,0.73027,-1.4726841796875,0.5921985050557507
16,0.735265,-1.47762099609375,0.602832797143824
16,0.74026,-1.4822984375,0.634402308294588
16,0.745255,-1.48937900390625,0.6542560310262996
16,0.75025,-1.49380908203125,0.6700012470748659
16,0.755245,-1.500932421875,0.6996245664567704
16,0.76024,-1.50857763671875,0.7661030854592258
16,0.765235,-1.51390849609375,0.7706752428068365
16,0.77023,-1.52036728515625,0.8039080148321222
16,0.775225,-1.52642109375,0.8347752734819841
16,0.78022,-1.5343560546875,0.8806019564960031
16,0.785215,-1.54148115234375,0.9276299547276102
16,0.79021,-1.549264453125,0.9752881968216384
16,0.795205,-1.55858994140625,0.9993911133818503
16,0.8002,-1.5648693359375,1.0404675308301632
16,0.805195,-1.57288193359375,1.1309669985551494
16,0.81019,-1.58148115234375,1.1431140954145995
16,0.815185,-1.59550830078125,1.2246005813474505
16,0.82018,-1.59774609375,1.2734544568392443
16,0.825175,-1.61263974609375,1.3218516512175287
16,0.83017,-1.61820205078125,1.363658559906896
16,0.835165,-1.62838046875,1.4215841133486498
16,0.84016,-1.64605791015625,1.4622827807879983
16,0.845155,-1.65119013671875,1.5074712317370114
16,0.85015,-1.66338369140625,1.5405161161662755
16,0.855145,-1.67206904296875,1.540118070079514
16,0.86014,-1.68087783203125,1.561969418783934
16,0.865135,-1.6978390625,1.537961684090146
16,0.87013,-1.70668671875,1.4977575845715936
16,0.875125,-1.71359326171875,1.5605656468142848
16,0.88012,-1.72492734375,1.4942021777511327
16,0.885115,-1.73291767578125,1.4921766762617232
16,0.89011,-1.74362236328125,1.453496356306042
16,0.895105,-1.75278837890625,1.3712665329619833
16,0.9001,-1.76107919921875,1.3236528655518396
16,0.905095,-1.76397333984375,1.3911004457204739
16,0.91009,-1.775198828125,1.2686027893168952
16,0.915085,-1.785023828125,1.2247794003353096
16,0.92008,-1.78991455078125,1.2416759757056195
16,0.925075,-1.79733076171875,1.2021258859962614
16,0.93007,-1.8042853515625,1.1162658292312986
16,0.935065,-1.80953818359375,1.1104915371818689
16,0.94006,-1.8183873046875,1.0049697228996415
16,0.945055,-1.82356787109375,0.976908761950677
16,0.95005,-1.828058984375,0.9763926367171811
16,0.955045,-1.83380546875,0.9276626465617315
16,0.96004,-1.83699541015625,0.9552316708150103
16,0.965035,-1.8446640625,0.8827673973738275
16,0.97003,-1.84927392578125,0.8424761393236947
16,0.975025,-1.8534958984375,0.8369016524116921
16,0.98002,-1.85598447265625,0.8136149847616263
16,0.985015,-1.860861328125,0.7993868728811963
16,0.99001,-1.864670703125,0.7649612025663821
16,0.995005,-1.86953857421875,0.7430718851633179
16,1.0,-1.87229326171875,0.7223766271468042
32,0.001,-1.000404833984375,4.975925951979671e-7
32,0.005995,-1.00303955078125,1.782150336296548e-5
32,0.01099,-1.0054866943359375,6.085560322905069e-5
32,0.015985,-1.0079621337890625,0.00012771741016966655
32,0.02098,-1.01052099609375,0.0002206088709497922
32,0.025975,-1.0130150634765624,0.00033871461695916507
32,0.03097,-1.0155337890625,0.0004810742560217846
32,0.035965,-1.0180328125,0.0006428662046072134
32,0.04096,-1.0204221435546874,0.0008357451866998897
32,0.045955,-1.0229682861328124,0.0010544840261075912
32,0.05095,-1.025463330078125,0.001292567618583401
32,0.055945,-1.027970068359375,0.0015726244770017642
32,0.06094,-1.0305170654296876,0.0018565482638210724
32,0.065935,-1.0331449462890625,0.0021849497536964167
32,0.07093,-1.0356159423828124,0.0025305544344630397
32,0.075925,-1.0380538330078124,0.0028897311358235494
32,0.08092,-1.0405806884765625,0.00327321357963515
32,0.085915,-1.043029150390625,0.003716295773692753
32,0.09091,-1.0456556884765624,0.004153515107609483
32,0.095905,-1.048218115234375,0.0046288918219929325
32,0.1009,-1.050755859375,0.0051211637987783835
32,0.105895,-1.0533297119140625,0.005658793500108263
32,0.11089,-1.05574189453125,0.006250019773841099
32,0.115885,-1.05837890625,0.006776393792966814
32,0.12088,-1.060847216796875,0.007350283340470916
32,0.125875,-1.0633739990234374,0.008094666087859232
32,0.13087,-1.0658634765625,0.008655250755555103
32,0.135865,-1.0685221923828125,0.009373594730672332
32,0.14086,-1.070990625,0.010191474731240024
32,0.145855,-1.073434033203125,0.010902293402861118
32,0.15085,-1.076148193359375,0.011721801671109693
32,0.155845,-1.078801171875,0.012396058814416406
32,0.16084,-1.0813175537109374,0.01342234715507275
32,0.165835,-1.083968505859375,0.014192943623310188
32,0.17083,-1.0865971923828126,0.015193725703007742
32,0.175825,-1.0890166748046874,0.016128219848238565
32,0.18082,-1.0917134033203124,0.016941135633010276
32,0.185815,-1.09431953125,0.017997295233406978
32,0.19081,-1.0967947265625,0.019095162753036896
32,0.195805,-1.0995646240234376,0.020208259103272716
32,0.2008,-1.102184130859375,0.02132979477983887
32,0.205795,-1.1048671630859375,0.02207511010651495
32,0.21079,-1.107345751953125,0.023639752020367295
32,0.215785,-1.1099427734375,0.024657654374495557
32,0.22078,-1.11260458984375,0.02568565620536301
32,0.225775,-1.1152379638671874,0.02714698047747297
32,0.23077,-1.1179927001953125,0.02857924585587023
32,0.235765,-1.120631640625,0.029710646883681784
32,0.24076,-1.1233492919921875,0.0313193652920069
32,0.245755,-1.126114453125,0.03253875634971204
32,0.25075,-1.128860009765625,0.033736707440604884
32,0.255745,-1.1313947998046876,0.03541897007198449
32,0.26074,-1.1341380859375,0.036882118079240134
32,0.265735,-1.1368266357421875,0.03824756565194182
32,0.27073,-1.1396695068359375,0.04005311138138517
32,0.275725,-1.1421389404296876,0.04138641778850268
32,0.28072,-1.1450374267578125,0.043573028262202426
32,0.285715,-1.1477992919921876,0.04496288466844637
32,0.29071,-1.1507110107421874,0.04669827965590602
32,0.295705,-1.153352783203125,0.048610511585336434
32,0.3007,-1.1561260009765626,0.0508243615751983
32,0.305695,-1.158959619140625,0.05229951188522127
32,0.31069,-1.161715966796875,0.0543175086869608
32,0.315685,-1.1645404296875,0.05643375894172423
32,0.32068,-1.1674716064453126,0.05859589963540926
32,0.325675,-1.170249169921875,0.060420310207241625
32,0.33067,-1.1731725341796875,0.06266556503746593
32,0.335665,-1.1759294189453124,0.0638927695669266
32,0.34066,-1.1789078857421875,0.06697872464011734
32,0.345655,-1.1818893310546874,0.06976389925325543
32,0.35065,-1.184616259765625,0.07199512851713485
32,0.355645,-1.18759736328125,0.07412815346241895
32,0.36064,-1.1906106201171875,0.07684080220225709
32,0.365635,-1.193426025390625,0.0794465990120725
32,0.37063,-1.1966119384765626,0.08163247376988718
32,0.375625,-1.199584619140625,0.08417294394028371
32,0.38062,-1.20245546875,0.08654945353553668
32,0.385615,-1.205518603515625,0.08905872434713116
32,0.39061,-1.2084703857421875,0.09166824431714497
32,0.395605,-1.2117729736328124,0.09675770753847125
32,0.4006,-1.214639453125,0.09882380844629067
32,0.405595,-1.21777216796875,0.10132468852104856
32,0.41059,-1.220686376953125,0.10375244416706046
32,0.415585,-1.2237365234375,0.10759399388718698
32,0.42058,-1.226706201171875,0.10974439401513568
32,0.425575,-1.230030224609375,0.11350594108472854
32,0.43057,-1.233241162109375,0.11666537343339504
32,0.435565,-1.2362920654296874,0.11932471062765224
32,0.44056,-1.2394197998046874,0.12336077253658187
32,0.445555,-1.2424790771484375,0.12693925982624205
32,0.45055,-1.2457457275390624,0.13092221726750028
32,0.455545,-1.24900908203125,0.1351854650681845
32,0.46054,-1.2524292236328125,0.13739396093527312
32,0.465535,-1.255611474609375,0.14310854650705376
32,0.47053,-1.2586658935546875,0.14714718151207723
32,0.475525,-1.26207783203125,0.15085851920007862
32,0.48052,-1.2655349853515625,0.155030605384185
32,0.485515,-1.268853857421875,0.15766935642614063
32,0.49051,-1.2722273681640626,0.16330160074634525
32,0.495505,-1.2756151611328126,0.16630212285037854
32,0.5005,-1.279135546875,0.17139815854485999
32,0.505495,-1.282514404296875,0.17520798648689434
32,0.51049,-1.2860634521484375,0.17927823529277115
32,0.515485,-1.2890805908203125,0.18480499921506405
32,0.52048,-1.2928593994140625,0.19166149716841932
32,0.525475,-1.296597705078125,0.19485524399829185
32,0.53047,-1.30005048828125,0.20280608768124223
32,0.535465,-1.3036481201171874,0.20806974169063921
32,0.54046,-1.3069787353515625,0.21254033764235797
32,0.545455,-1.3107485107421875,0.21859557037963917
32,0.55045,-1.3147863525390624,0.22135766251646408
32,0.555445,-1.3182669921875,0.23058323947021672
32,0.56044,-1.3219067626953125,0.23469886613115237
32,0.565435,-1.325284326171875,0.23945131426133986
32,0.57043,-1.3295772216796875,0.24789657052545266
32,0.575425,-1.333228515625,0.24921760729737474
32,0.58042,-1.3369279052734375,0.26069861978004183
32,0.585415,-1.3410257080078125,0.2641923258152626
32,0.59041,-1.344924462890625,0.26886673131812533
32,0.595405,-1.3487035888671874,0.2770849593509544
32,0.6004,-1.3531020263671876,0.2854851189666189
32,0.605395,-1.3568451171875,0.2936919127575141
32,0.61039,-1.360671875,0.30497189766530985
32,0.615385,-1.3647765380859376,0.31138059550139546
32,0.62038,-1.36894052734375,0.3204749921461934
32,0.625375,-1.37310908203125,0.3254459142340579
32,0.63037,-1.376875830078125,0.3307496514552135
32,0.635365,-1.38124072265625,0.34244373580305254
32,0.64036,-1.3861219970703125,0.35512602896630624
32,0.645355,-1.390172216796875,0.36208044467101674
32,0.65035,-1.394327392578125,0.367456159002053
32,0.655345,-1.3988841796875,0.37970063550475447
32,0.66034,-1.4027874267578124,0.3889597021561112
32,0.665335,-1.407926025390625,0.39833486271468493
32,0.67033,-1.411842333984375,0.41035340089718686
32,0.675325,-1.416414892578125,0.41496853317986737
32,0.68032,-1.421570556640625,0.4373749348218472
32,0.685315,-1.426248779296875,0.44865163441778777
32,0.69031,-1.430465771484375,0.4500384173130843
32,0.695305,-1.435846923828125,0.47235478625961697
32,0.7003,-1.4405109619140626,0.48256947426899494
32,0.705295,-1.445146630859375,0.48234237170450955
32,0.71029,-1.4502230224609376,0.5073847283616197
32,0.715285,-1.4546622314453126,0.5115782098627297
32,0.72028,-1.4601006591796875,0.5317000225185416
32,0.725275,-1.4652484619140624,0.5397546070714383
32,0.73027,-1.4704579833984375,0.5613147252610695
32,0.735265,-1.476190234375,0.5951217076642816
32,0.74026,-1.4812951171875,0.5945796537504214
32,0.745255,-1.4870140380859376,0.6150597411043919
32,0.75025,-1.492138427734375,0.624351338480629
32,0.755245,-1.4979082275390625,0.6593635356790277
32,0.76024,-1.5034543701171874,0.6599699160089747
32,0.765235,-1.509244287109375,0.6881691614869806
32,0.77023,-1.5157723876953124,0.7203082909744314
32,0.775225,-1.5215393798828125,0.7350149222322355
32,0.78022,-1.5282760498046875,0.7507280521424593
32,0.785215,-1.5333346923828124,0.7744890105314954
32,0.79021,-1.5406363037109374,0.8221632666796488
32,0.795205,-1.5470175537109374,0.841815888001368
32,0.8002,-1.55372109375,0.8658270010401777
32,0.805195,-1.560246337890625,0.9394244125636029
32,0.81019,-1.5671172607421875,0.9565904538657942
32,0.815185,-1.5750232177734376,0.9566861981513427
32,0.82018,-1.5816803466796876,1.0149928831018227
32,0.825175,-1.591478857421875,1.1161739070927872
32,0.83017,-1.6009558837890625,1.2226648662072919
32,0.835165,-1.6090059326171875,1.3417980353038967
32,0.84016,-1.6192041015625,1.3726935697023483
32,0.845155,-1.6279932861328126,1.4918381447438818
32,0.85015,-1.64153505859375,1.6560879617175213
32,0.855145,-1.65309208984375,1.7077067592106898
32,0.86014,-1.661939794921875,1.8660041389482225
32,0.865135,-1.67094111328125,1.9060357633495748
32,0.87013,-1.690731640625,1.7923215261674117
32,0.875125,-1.700881787109375,1.9243802227866587
32,0.88012,-1.714994482421875,1.7298421420621388
32,0.885115,-1.7279891845703126,1.8142513121048423
32,0.89011,-1.7369875,1.6547192723669417
32,0.895105,-1.74818857421875,1.57050559458272
32,0.9001,-1.758722705078125,1.476459556773623
32,0.905095,-1.765995751953125,1.5009031624963107
32,0.91009,-1.776819482421875,1.302769450591444
32,0.915085,-1.783960400390625,1.2586548718607466
32,0.92008,-1.79101298828125,1.1947460086432313
32,0.925075,-1.7990829345703125,1.1476763341684872
32,0.93007,-1.8023564697265626,1.2631952384277856
32,0.935065,-1.8103277099609374,1.0772495620328322
32,0.94006,-1.8177695556640625,1.028742644157609
32,0.945055,-1.8225014404296875,0.9844903313210354
32,0.95005,-1.8283767822265624,0.956839680122637
32,0.955045,-1.83414677734375,0.9400230044060366
32,0.96004,-1.8388879150390625,0.9100117283194842
32,0.965035,-1.843464794921875,0.9114237645247165
32,0.97003,-1.848401171875,0.8515681092558259
32,0.975025,-1.8531430908203126,0.8195253925260807
32,0.98002,-1.8574353515625,0.7809098690876902
32,0.985015,-1.86130595703125,0.780067485333433
32,0.99001,-1.86537177734375,0.7453376891886053
32,0.995005,-1.868772021484375,0.7549672898193874
32,1.0,-1.872750439453125,0.7194236972859623
64,0.001,-1.0005059631347657,4.961016613829194e-7
64,0.005995,-1.0030149841308593,1.789541308903217e-5
64,0.01099,-1.0055357543945314,6.051175508182275e-5
64,0.015985,-1.0080081604003905,0.00012816876082133945
64,0.02098,-1.0105390625,0.00021943835687321828
64,0.025975,-1.0129711975097657,0.0003361565573887665
64,0.03097,-1.01551201171875,0.00048245329832066666
64,0.035965,-1.0179808959960936,0.0006463051702881822
64,0.04096,-1.0205694458007812,0.0008369991320305261
64,0.045955,-1.0229840026855468,0.001060207458109187
64,0.05095,-1.0254961242675782,0.0013066574035847773
64,0.055945,-1.0280387145996093,0.0015712449753771212
64,0.06094,-1.0304842163085937,0.0018760453263790113
64,0.065935,-1.033080322265625,0.002197888796387034
64,0.07093,-1.0355528442382813,0.0025314734386158396
64,0.075925,-1.0379985778808594,0.0029248349186761836
64,0.08092,-1.0406263671875,0.003317919621086777
64,0.085915,-1.0430781860351563,0.0037501573622832638
64,0.09091,-1.0455877014160155,0.00420322244669919
64,0.095905,-1.048137274169922,0.004618980421382342
64,0.1009,-1.050669561767578,0.005137356536304632
64,0.105895,-1.0532222351074219,0.005659557658860914
64,0.11089,-1.0557502136230468,0.0062344913423444505
64,0.115885,-1.0583414001464844,0.006893071007843531
64,0.12088,-1.0607741455078126,0.007459105643494791
64,0.125875,-1.0633599731445313,0.008114298550753057
64,0.13087,-1.0659333129882813,0.008759656268984757
64,0.135865,-1.0685424438476563,0.00949528392002378
64,0.14086,-1.071040380859375,0.010202083593889187
64,0.145855,-1.0735706176757813,0.010911542962060638
64,0.15085,-1.0761547424316407,0.01175993952606384
64,0.155845,-1.0787344482421874,0.012554180583554387
64,0.16084,-1.0812715209960937,0.013313704043842203
64,0.165835,-1.0838858459472656,0.014300696907827615
64,0.17083,-1.0864606018066407,0.015109868337518954
64,0.175825,-1.0891402221679687,0.01603051756233522
64,0.18082,-1.0916531616210938,0.01704798538002469
64,0.185815,-1.0942218627929687,0.01805937727582011
64,0.19081,-1.0968354248046874,0.01915447737562524
64,0.195805,-1.0995816223144532,0.020146315239326907
64,0.2008,-1.1020270751953125,0.021118445982956292
64,0.205795,-1.1047044860839843,0.02235077247775941
64,0.21079,-1.1073941223144532,0.02358471123981284
64,0.215785,-1.1100312377929686,0.024704399201152874
64,0.22078,-1.1125493041992187,0.026048322977699847
64,0.225775,-1.1153753784179687,0.027431997240692695
64,0.23077,-1.1180420043945312,0.0285472706843476
64,0.235765,-1.1206355285644531,0.029724469559613297
64,0.24076,-1.1233927124023437,0.0311184734130975
64,0.245755,-1.126071337890625,0.03241165950386626
64,0.25075,-1.1287772705078125,0.034039443660346946
64,0.255745,-1.1314840148925782,0.03520512719372728
64,0.26074,-1.1340695861816406,0.03709382687543713
64,0.265735,-1.136921124267578,0.03858749384755137
64,0.27073,-1.1396078979492188,0.04011739340712944
64,0.275725,-1.1422888488769531,0.04135738921043318
64,0.28072,-1.1451501708984375,0.04345800170044183
64,0.285715,-1.1478549072265625,0.04503749439272697
64,0.29071,-1.1505919494628907,0.046899138706233044
64,0.295705,-1.153474725341797,0.04888343537177292
64,0.3007,-1.1562346557617187,0.05094764139856361
64,0.305695,-1.1590197143554688,0.052362471898958
64,0.31069,-1.1618543762207032,0.054008547753518286
64,0.315685,-1.1646206604003906,0.05700813640021861
64,0.32068,-1.1674550415039062,0.0587376037826088
64,0.325675,-1.1703004150390626,0.06091757918146491
64,0.33067,-1.1731331237792968,0.0626093451229711
64,0.335665,-1.176063983154297,0.0640385173192816
64,0.34066,-1.1788979125976562,0.06725886592513416
64,0.345655,-1.1817882751464843,0.06963850870328475
64,0.35065,-1.1847286987304688,0.07176300157498319
64,0.355645,-1.1876568908691407,0.07386043039209862
64,0.36064,-1.1906291137695313,0.07630345672321798
64,0.365635,-1.1935377685546875,0.0786372618799911
64,0.37063,-1.1963963134765625,0.08113462320004113
64,0.375625,-1.1994592041015626,0.08407124267659001
64,0.38062,-1.202436639404297,0.08654650082808289
64,0.385615,-1.205385791015625,0.08970265322406257
64,0.39061,-1.2083867492675782,0.0921684974023236
64,0.395605,-1.2115089416503906,0.09457826909457658
64,0.4006,-1.2144456665039063,0.0982326552445786
64,0.405595,-1.2175679809570312,0.10169640096959347
64,0.41059,-1.2205992126464844,0.1035750610449902
64,0.415585,-1.2237319458007812,0.10689871157421417
64,0.42058,-1.2267628356933593,0.11027547435186585
64,0.425575,-1.2299550231933594,0.11364973184278085
64,0.43057,-1.233112939453125,0.11708039142641533
64,0.435565,-1.2362533935546876,0.11960696693857821
64,0.44056,-1.2393878845214843,0.12356208784579469
64,0.445555,-1.24266953125,0.12819197430315554
64,0.45055,-1.2458242614746093,0.1308750774090328
64,0.455545,-1.2490004272460937,0.13372137734205217
64,0.46054,-1.2522231079101562,0.1368383858684288
64,0.465535,-1.2555515014648437,0.14205023229186425
64,0.47053,-1.258853125,0.14586568537335198
64,0.475525,-1.262196533203125,0.14955552748370596
64,0.48052,-1.2654003967285157,0.1554475363961033
64,0.485515,-1.2687706787109374,0.15891903050713965
64,0.49051,-1.2721528991699218,0.1625927626537551
64,0.495505,-1.2755564575195313,0.1663878768046935
64,0.5005,-1.278973828125,0.17001868400015527
64,0.505495,-1.2824728759765625,0.17510409891491757
64,0.51049,-1.2859969787597656,0.17912128638808883
64,0.515485,-1.2893643615722656,0.18392106244764092
64,0.52048,-1.2928540954589844,0.18958515908821819
64,0.525475,-1.2964138732910155,0.1962872093811393
64,0.53047,-1.2998642700195313,0.20092288979088366
64,0.535465,-1.3035815307617187,0.20599219352530537
64,0.54046,-1.3070222351074219,0.21133761412911586
64,0.545455,-1.310815350341797,0.21751531338384095
64,0.55045,-1.3145674255371094,0.22160000993911433
64,0.555445,-1.3181403869628907,0.22689931831140858
64,0.56044,-1.3217060729980468,0.2347690687325912
64,0.565435,-1.3256046325683595,0.23866759877347765
64,0.57043,-1.329151953125,0.244426612645717
64,0.575425,-1.3331914855957032,0.2509822063940367
64,0.58042,-1.3369537109375,0.25887576404440565
64,0.585415,-1.3409243774414064,0.26592533397170115
64,0.59041,-1.3447098083496094,0.2733724914786904
64,0.595405,-1.3486596252441405,0.2817724829782361
64,0.6004,-1.352597930908203,0.2860905239587588
64,0.605395,-1.3566350463867187,0.2951829593851803
64,0.61039,-1.3607271911621093,0.29775790321613077
64,0.615385,-1.3648465270996093,0.3112528393190727
64,0.62038,-1.3687868286132812,0.3169838948309381
64,0.625375,-1.3729582092285155,0.3226747640372885
64,0.63037,-1.3770889709472656,0.33737763213146155
64,0.635365,-1.3815144653320313,0.344221134485515
64,0.64036,-1.385497332763672,0.35355278512245975
64,0.645355,-1.3896033813476563,0.35884793498849105
64,0.65035,-1.3944396240234376,0.3699042546948851
64,0.655345,-1.3987113342285156,0.3808132074943274
64,0.66034,-1.4029055908203125,0.38664437303826416
64,0.665335,-1.407297625732422,0.39768961910170003
64,0.67033,-1.4118830139160157,0.41213455597121157
64,0.675325,-1.416356951904297,0.4164841371147919
64,0.68032,-1.42124013671875,0.42924501948048194
64,0.685315,-1.4257728454589844,0.4463041326242072
64,0.69031,-1.43042744140625,0.4547128780161428
64,0.695305,-1.4353403747558593,0.46689390851213325
64,0.7003,-1.4400843383789061,0.46991313171515514
64,0.705295,-1.4449763427734374,0.48454302231088325
64,0.71029,-1.4499057861328124,0.49692311525247446
64,0.715285,-1.4550695434570313,0.5200939071568301
64,0.72028,-1.4602597778320312,0.5208258893710939
64,0.725275,-1.4652765930175782,0.5419205885235807
64,0.73027,-1.4705240112304687,0.5579023299195931
64,0.735265,-1.475845068359375,0.5771494895852733
64,0.74026,-1.4810286743164063,0.5966222614183698
64,0.745255,-1.4865297485351563,0.6123458695066065
64,0.75025,-1.492114404296875,0.633197747988714
64,0.755245,-1.4978827880859376,0.6349354665006032
64,0.76024,-1.503049658203125,0.6644279749399866
64,0.765235,-1.5091921569824218,0.6922678452723834
64,0.77023,-1.5149172973632812,0.6975633630633645
64,0.775225,-1.5214480163574218,0.7180813143674191
64,0.78022,-1.527045770263672,0.7405103393358087
64,0.785215,-1.5335787048339844,0.783933503125333
64,0.79021,-1.540378076171875,0.7985387124371612
64,0.795205,-1.5469766540527343,0.8054121035576162
64,0.8002,-1.5533881469726563,0.8672838336374512
64,0.805195,-1.5602551086425782,0.8996889803825228
64,0.81019,-1.56718388671875,0.9188985469786654
64,0.815185,-1.573930645751953,0.9766038296688613
64,0.82018,-1.5810146728515626,0.9910561618374256
64,0.825175,-1.5887311950683594,1.0234281955327973
64,0.83017,-1.59652607421875,1.1082294279151554
64,0.835165,-1.6052830993652343,1.1340829706075262
64,0.84016,-1.6136410888671875,1.3057558985994415
64,0.845155,-1.6220076293945314,1.2148232672596555
64,0.85015,-1.6323046142578126,1.3670918832393042
64,0.855145,-1.642851123046875,1.5856098002598173
64,0.86014,-1.65212783203125,1.7274454398363692
64,0.865135,-1.6680499389648438,1.877545695319558
64,0.87013,-1.6744711547851563,2.007375630121018
64,0.875125,-1.693886456298828,2.296679601556717
64,0.88012,-1.705285125732422,2.270632044170575
64,0.885115,-1.7203438354492187,2.179614991511227
64,0.89011,-1.7353506225585937,1.8471776358650343
64,0.895105,-1.745932342529297,1.8305300862850233
64,0.9001,-1.756496240234375,1.5621483938850786
64,0.905095,-1.7653932434082031,1.5070845695108026
64,0.91009,-1.7741172790527344,1.3530086337116056
64,0.915085,-1.782738818359375,1.3305911251971332
64,0.92008,-1.7906719177246093,1.2254533439616686
64,0.925075,-1.7979292724609375,1.1574890778928584
64,0.93007,-1.8048341552734375,1.1315192602761213
64,0.935065,-1.81090234375,1.0964255772293334
64,0.94006,-1.8168974060058594,1.0572696976309597
64,0.945055,-1.8227993591308593,1.0013154752734328
64,0.95005,-1.8283295776367188,0.9753273606730726
64,0.955045,-1.833177459716797,0.985421783822553
64,0.96004,-1.8386309265136718,0.9187630780093502
64,0.965035,-1.8435432678222656,0.8705665207748023
64,0.97003,-1.8482809448242188,0.8505525356741098
64,0.975025,-1.8527263793945312,0.8313365753308438
64,0.98002,-1.8568840087890626,0.8051462812876184
64,0.985015,-1.86141640625,0.7767044800522478
64,0.99001,-1.8651280883789063,0.7753877952197199
64,0.995005,-1.868900164794922,0.7552039117959715
64,1.0,-1.872759442138672,0.7303318722744717
